dataset_type,dataset_file,jumlah_task,makespan_simulasi_detik,makespan_prediksi_detik,avg_waiting_time_detik,resource_utilization_persen,throughput_task_per_detik
GoCJ,GoCJ_Dataset_100.txt,100,707.9990,708.0000,103.5047,55.3598,0.141243
GoCJ,GoCJ_Dataset_200.txt,200,1193.7468,1193.7500,222.4447,66.3721,0.167540
GoCJ,GoCJ_Dataset_300.txt,300,1593.9955,1594.0000,339.7898,86.8699,0.188206
GoCJ,GoCJ_Dataset_400.txt,400,1942.3563,1942.3333,486.7399,87.8374,0.205935
GoCJ,GoCJ_Dataset_500.txt,500,2344.1625,2344.1667,595.1205,88.7545,0.213296
GoCJ,GoCJ_Dataset_600.txt,600,2933.1625,2933.1667,721.5197,93.5173,0.204557
GoCJ,GoCJ_Dataset_700.txt,700,3106.2705,3106.2500,839.9694,91.7664,0.225351
GoCJ,GoCJ_Dataset_800.txt,800,3485.4893,3485.5000,941.0446,92.9000,0.229523
GoCJ,GoCJ_Dataset_900.txt,900,4219.6290,4219.5000,1117.0315,92.9872,0.213289
GoCJ,GoCJ_Dataset_1000.txt,1000,4428.6010,4428.5000,1234.0139,96.8221,0.225805
