cloudlet_id,panjang_MI,urutan_dijadwalkan,vm_id,host_id,waktu_mulai,waktu_selesai,waiting_time,status
0,107000,194,11,4,427.9982,463.6648,427.9982,SUCCESS
1,40000,12,5,2,5.0000,18.3333,5.0000,SUCCESS
2,61000,67,2,1,94.1662,114.4993,94.1662,SUCCESS
3,40000,13,8,3,5.0000,18.3333,5.0000,SUCCESS
4,40000,14,11,4,5.0000,18.3333,5.0000,SUCCESS
5,81000,123,14,5,219.6653,246.6653,219.6653,SUCCESS
6,109000,200,11,4,463.6648,499.9982,463.6648,SUCCESS
7,105000,184,6,3,336.9978,441.9978,336.9978,SUCCESS
8,125000,245,2,1,635.4982,677.1647,635.4982,SUCCESS
9,121000,238,8,3,605.9977,646.3308,605.9977,SUCCESS
10,117000,226,2,1,556.8317,595.8317,556.8317,SUCCESS
11,117000,227,5,2,566.3310,605.3310,566.3310,SUCCESS
12,99000,171,14,5,365.3315,398.3315,365.3315,SUCCESS
13,61000,68,4,2,87.2495,117.7493,87.2495,SUCCESS
14,89000,145,13,5,265.7492,310.2488,265.7492,SUCCESS
15,900000,293,14,5,1139.6643,1439.6642,1139.6643,SUCCESS
16,63000,72,5,2,99.6658,120.6657,99.6658,SUCCESS
17,51000,42,5,2,47.3330,64.3328,47.3330,SUCCESS
18,53000,51,14,5,65.9995,83.6660,65.9995,SUCCESS
19,45000,20,11,4,18.3333,33.3332,18.3333,SUCCESS
20,113000,216,5,2,528.6645,566.3310,528.6645,SUCCESS
21,107000,195,14,5,432.6648,468.3315,432.6648,SUCCESS
22,61000,69,7,3,87.2495,117.7493,87.2495,SUCCESS
23,45000,21,14,5,18.3333,33.3332,18.3333,SUCCESS
24,109000,201,14,5,468.3315,504.6648,468.3315,SUCCESS
25,81000,124,1,1,210.4987,250.9983,210.4987,SUCCESS
26,51000,43,8,3,47.3330,64.3328,47.3330,SUCCESS
27,712500,283,8,3,888.4973,1125.9973,888.4973,SUCCESS
28,111000,209,11,4,499.9982,536.9982,499.9982,SUCCESS
29,67000,86,2,1,135.4993,157.8327,135.4993,SUCCESS
30,111000,210,14,5,504.6648,541.6648,504.6648,SUCCESS
31,105000,185,2,1,412.8318,447.8318,412.8318,SUCCESS
32,127000,254,12,5,572.9977,699.9970,572.9977,SUCCESS
33,85000,135,14,5,246.6653,274.9985,246.6653,SUCCESS
34,105000,186,9,4,350.9977,455.9968,350.9977,SUCCESS
35,117000,228,1,1,546.9973,605.4970,546.9973,SUCCESS
36,111000,211,1,1,491.4975,546.9973,491.4975,SUCCESS
37,712500,284,11,4,896.8310,1134.3310,896.8310,SUCCESS
38,71000,93,14,5,145.9988,169.6653,145.9988,SUCCESS
39,525000,278,2,1,814.4980,989.4978,814.4980,SUCCESS
40,712500,285,14,5,902.1643,1139.6643,902.1643,SUCCESS
41,99000,172,4,2,354.7487,404.2485,354.7487,SUCCESS
42,95000,160,5,2,323.9982,355.6647,323.9982,SUCCESS
43,107000,196,2,1,447.8318,483.4985,447.8318,SUCCESS
44,85000,136,2,1,259.1657,287.4988,259.1657,SUCCESS
45,45000,22,4,2,13.7500,36.2497,13.7500,SUCCESS
46,65000,80,11,4,123.6657,145.3322,123.6657,SUCCESS
47,45000,23,7,3,13.7500,36.2497,13.7500,SUCCESS
48,27500,7,4,2,0.0000,13.7500,0.0000,SUCCESS
49,87000,140,11,4,270.9985,299.9983,270.9985,SUCCESS
50,97000,168,5,2,355.6647,387.9978,355.6647,SUCCESS
51,40000,15,14,5,5.0000,18.3333,5.0000,SUCCESS
52,87000,141,14,5,274.9985,303.9983,274.9985,SUCCESS
53,95000,161,10,4,308.2488,355.7747,308.2488,SUCCESS
54,900000,294,10,4,1019.7733,1469.7732,1019.7733,SUCCESS
55,87000,142,4,2,264.7492,308.2488,264.7492,SUCCESS
56,73000,96,12,5,105.9990,178.9988,105.9990,SUCCESS
57,63000,73,8,3,99.6658,120.6657,99.6658,SUCCESS
58,129000,259,8,3,687.9973,730.9973,687.9973,SUCCESS
59,59000,62,11,4,82.9993,102.6658,82.9993,SUCCESS
60,89000,146,2,1,287.4988,317.1655,287.4988,SUCCESS
61,337500,273,5,2,773.9973,886.4973,773.9973,SUCCESS
62,135000,264,10,4,689.7733,757.2733,689.7733,SUCCESS
63,337500,274,8,3,775.9973,888.4973,775.9973,SUCCESS
64,127000,255,14,5,659.3312,701.6643,659.3312,SUCCESS
65,77000,117,5,2,213.3320,238.9987,213.3320,SUCCESS
66,53000,52,4,2,60.7495,87.2495,60.7495,SUCCESS
67,15000,1,2,1,0.0000,5.0000,0.0000,SUCCESS
68,103000,179,11,4,393.6648,427.9982,393.6648,SUCCESS
69,125000,246,5,2,644.9975,686.6640,644.9975,SUCCESS
70,51000,44,11,4,48.9997,65.9995,48.9997,SUCCESS
71,59000,63,14,5,83.6660,103.3325,83.6660,SUCCESS
72,109000,202,4,2,456.7745,511.2743,456.7745,SUCCESS
73,95000,162,8,3,324.6648,356.3313,324.6648,SUCCESS
74,47000,30,9,4,0.0000,46.9997,0.0000,SUCCESS
75,81000,125,9,4,176.9988,257.9983,176.9988,SUCCESS
76,67000,87,5,2,141.6655,163.9987,141.6655,SUCCESS
77,73000,97,2,1,157.8327,182.1658,157.8327,SUCCESS
78,900000,295,13,5,1022.7473,1472.7472,1022.7473,SUCCESS
79,51000,45,14,5,48.9997,65.9995,48.9997,SUCCESS
80,59000,64,1,1,76.4993,105.9990,76.4993,SUCCESS
81,89000,147,5,2,294.3317,323.9982,294.3317,SUCCESS
82,89000,148,8,3,294.9983,324.6648,294.9983,SUCCESS
83,127000,256,2,1,677.1647,719.4980,677.1647,SUCCESS
84,63000,74,11,4,102.6658,123.6657,102.6658,SUCCESS
85,109000,203,7,3,456.7745,511.2743,456.7745,SUCCESS
86,125000,247,8,3,646.3308,687.9973,646.3308,SUCCESS
87,79000,119,11,4,216.9987,243.3320,216.9987,SUCCESS
88,83000,133,8,3,238.9987,266.6652,238.9987,SUCCESS
89,103000,180,14,5,398.3315,432.6648,398.3315,SUCCESS
90,109000,204,10,4,457.7742,512.2738,457.7742,SUCCESS
91,73000,98,4,2,150.2493,186.7493,150.2493,SUCCESS
92,93000,156,9,4,257.9983,350.9977,257.9983,SUCCESS
93,101000,176,2,1,379.1652,412.8318,379.1652,SUCCESS
94,125000,248,4,2,626.2740,688.7738,626.2740,SUCCESS
95,111000,212,0,1,437.9978,548.9973,437.9978,SUCCESS
96,93000,157,12,5,259.9987,352.9987,259.9987,SUCCESS
97,55000,55,13,5,60.7495,88.2495,60.7495,SUCCESS
98,105000,187,5,2,421.6645,456.6645,421.6645,SUCCESS
99,73000,99,7,3,150.2493,186.7493,150.2493,SUCCESS
100,47000,31,12,5,0.0000,46.9997,0.0000,SUCCESS
101,75000,105,14,5,169.6653,194.6653,169.6653,SUCCESS
102,103000,181,0,1,334.9978,437.9978,334.9978,SUCCESS
103,91000,152,3,2,245.9980,336.9978,245.9980,SUCCESS
104,53000,53,7,3,60.7495,87.2495,60.7495,SUCCESS
105,900000,296,2,1,1226.9977,1526.9975,1226.9977,SUCCESS
106,67000,88,8,3,141.6655,163.9987,141.6655,SUCCESS
107,65000,81,14,5,124.3323,145.9988,124.3323,SUCCESS
108,47000,32,5,2,31.6665,47.3330,31.6665,SUCCESS
109,27500,8,7,3,0.0000,13.7500,0.0000,SUCCESS
110,97000,169,8,3,356.3313,388.6645,356.3313,SUCCESS
111,115000,222,13,5,514.2478,571.7477,514.2478,SUCCESS
112,117000,229,8,3,566.9977,605.9977,566.9977,SUCCESS
113,55000,56,2,1,75.8328,94.1662,75.8328,SUCCESS
114,135000,265,13,5,692.7473,760.2473,692.7473,SUCCESS
115,337500,275,11,4,784.3310,896.8310,784.3310,SUCCESS
116,47000,33,8,3,31.6665,47.3330,31.6665,SUCCESS
117,27500,9,10,4,0.0000,13.7500,0.0000,SUCCESS
118,91000,153,6,3,245.9980,336.9978,245.9980,SUCCESS
119,83000,134,11,4,243.3320,270.9985,243.3320,SUCCESS
120,55000,57,5,2,81.3327,99.6658,81.3327,SUCCESS
121,15000,2,5,2,0.0000,5.0000,0.0000,SUCCESS
122,99000,173,7,3,354.7487,404.2485,354.7487,SUCCESS
123,150000,271,1,1,729.4963,804.4963,729.4963,SUCCESS
124,95000,163,13,5,310.2488,357.7488,310.2488,SUCCESS
125,67000,89,0,1,99.9988,166.9987,99.9988,SUCCESS
126,63000,75,14,5,103.3325,124.3323,103.3325,SUCCESS
127,15000,3,8,3,0.0000,5.0000,0.0000,SUCCESS
128,95000,164,11,4,329.6648,361.3315,329.6648,SUCCESS
129,117000,230,11,4,575.3313,614.3313,575.3313,SUCCESS
130,712500,286,1,1,804.4963,1160.7463,804.4963,SUCCESS
131,63000,76,2,1,114.4993,135.4993,114.4993,SUCCESS
132,712500,287,2,1,989.4978,1226.9977,989.4978,SUCCESS
133,49000,37,2,1,42.4997,58.8330,42.4997,SUCCESS
134,40000,16,1,1,7.5000,27.4998,7.5000,SUCCESS
135,53000,54,10,4,60.7495,87.2495,60.7495,SUCCESS
136,59000,65,9,4,46.9997,105.9990,46.9997,SUCCESS
137,113000,217,8,3,529.3312,566.9977,529.3312,SUCCESS
138,65000,82,4,2,117.7493,150.2493,117.7493,SUCCESS
139,51000,46,2,1,58.8330,75.8328,58.8330,SUCCESS
140,337500,276,14,5,789.6643,902.1643,789.6643,SUCCESS
141,75000,106,2,1,182.1658,207.1657,182.1658,SUCCESS
142,125000,249,7,3,626.2740,688.7738,626.2740,SUCCESS
143,45000,24,10,4,13.7500,36.2497,13.7500,SUCCESS
144,900000,297,0,1,671.9967,1571.9965,671.9967,SUCCESS
145,45000,25,13,5,13.7500,36.2497,13.7500,SUCCESS
146,900000,298,3,2,673.9967,1573.9965,673.9967,SUCCESS
147,125000,250,10,4,627.2735,689.7733,627.2735,SUCCESS
148,75000,107,1,1,172.9988,210.4987,172.9988,SUCCESS
149,109000,205,13,5,459.7482,514.2478,459.7482,SUCCESS
150,65000,83,7,3,117.7493,150.2493,117.7493,SUCCESS
151,79000,120,0,1,166.9987,245.9980,166.9987,SUCCESS
152,125000,251,13,5,630.2475,692.7473,630.2475,SUCCESS
153,712500,288,4,2,922.0238,1278.2737,922.0238,SUCCESS
154,105000,188,4,2,404.2485,456.7745,404.2485,SUCCESS
155,49000,38,4,2,36.2497,60.7495,36.2497,SUCCESS
156,121000,239,11,4,614.3313,654.6645,614.3313,SUCCESS
157,97000,170,11,4,361.3315,393.6648,361.3315,SUCCESS
158,712500,289,5,2,1061.4973,1298.9973,1061.4973,SUCCESS
159,103000,182,1,1,386.4982,437.9978,386.4982,SUCCESS
160,115000,223,12,5,457.9982,572.9977,457.9982,SUCCESS
161,900000,299,6,3,675.9967,1575.9965,675.9967,SUCCESS
162,75000,108,5,2,188.3320,213.3320,188.3320,SUCCESS
163,55000,58,8,3,81.3327,99.6658,81.3327,SUCCESS
164,129000,260,11,4,696.3310,739.3310,696.3310,SUCCESS
165,77000,118,8,3,213.3320,238.9987,213.3320,SUCCESS
166,49000,39,7,3,36.2497,60.7495,36.2497,SUCCESS
167,81000,126,2,1,232.1657,259.1657,232.1657,SUCCESS
168,67000,90,3,2,99.9988,166.9987,99.9988,SUCCESS
169,87000,143,7,3,264.7492,308.2488,264.7492,SUCCESS
170,65000,84,10,4,117.7493,150.2493,117.7493,SUCCESS
171,101000,177,5,2,387.9978,421.6645,387.9978,SUCCESS
172,91000,154,1,1,293.4983,338.9983,293.4983,SUCCESS
173,40000,17,2,1,14.1667,27.4998,14.1667,SUCCESS
174,81000,127,12,5,178.9988,259.9987,178.9988,SUCCESS
175,113000,218,4,2,511.2743,567.7742,511.2743,SUCCESS
176,73000,100,10,4,150.2493,186.7493,150.2493,SUCCESS
177,712500,290,8,3,1125.9973,1363.4973,1125.9973,SUCCESS
178,85000,137,1,1,250.9983,293.4983,250.9983,SUCCESS
179,115000,224,11,4,536.9982,575.3313,536.9982,SUCCESS
180,85000,138,5,2,265.9985,294.3317,265.9985,SUCCESS
181,135000,266,2,1,719.4980,764.4980,719.4980,SUCCESS
182,712500,291,11,4,1134.3310,1371.8310,1134.3310,SUCCESS
183,135000,267,5,2,728.9973,773.9973,728.9973,SUCCESS
184,75000,109,8,3,188.3320,213.3320,188.3320,SUCCESS
185,111000,213,3,2,439.9978,550.9973,439.9978,SUCCESS
186,15000,4,11,4,0.0000,5.0000,0.0000,SUCCESS
187,123000,242,0,1,548.9973,671.9967,548.9973,SUCCESS
188,101000,178,8,3,388.6645,422.3312,388.6645,SUCCESS
189,712500,292,7,3,1015.7738,1372.0235,1015.7738,SUCCESS
190,113000,219,7,3,511.2743,567.7742,511.2743,SUCCESS
191,45000,26,2,1,27.4998,42.4997,27.4998,SUCCESS
192,63000,77,1,1,105.9990,137.4988,105.9990,SUCCESS
193,150000,272,2,1,764.4980,814.4980,764.4980,SUCCESS
194,67000,91,6,3,99.9988,166.9987,99.9988,SUCCESS
195,40000,18,5,2,18.3333,31.6665,18.3333,SUCCESS
196,119000,236,2,1,595.8317,635.4982,595.8317,SUCCESS
197,135000,268,8,3,730.9973,775.9973,730.9973,SUCCESS
198,81000,128,4,2,224.2493,264.7492,224.2493,SUCCESS
199,49000,40,10,4,36.2497,60.7495,36.2497,SUCCESS
200,45000,27,0,1,0.0000,44.9997,0.0000,SUCCESS
201,525000,279,7,3,753.2738,1015.7738,753.2738,SUCCESS
202,525000,280,10,4,757.2733,1019.7733,757.2733,SUCCESS
203,47000,34,11,4,33.3332,48.9997,33.3332,SUCCESS
204,47000,35,14,5,33.3332,48.9997,33.3332,SUCCESS
205,103000,183,3,2,336.9978,439.9978,336.9978,SUCCESS
206,63000,78,5,2,120.6657,141.6655,120.6657,SUCCESS
207,40000,19,8,3,18.3333,31.6665,18.3333,SUCCESS
208,51000,47,1,1,50.9997,76.4993,50.9997,SUCCESS
209,91000,155,2,1,317.1655,347.4987,317.1655,SUCCESS
210,55000,59,0,1,44.9997,99.9988,44.9997,SUCCESS
211,117000,231,14,5,579.9980,618.9980,579.9980,SUCCESS
212,337500,277,4,2,753.2738,922.0238,753.2738,SUCCESS
213,95000,165,14,5,333.6648,365.3315,333.6648,SUCCESS
214,63000,79,8,3,120.6657,141.6655,120.6657,SUCCESS
215,129000,261,14,5,701.6643,744.6643,701.6643,SUCCESS
216,61000,70,10,4,87.2495,117.7493,87.2495,SUCCESS
217,117000,232,4,2,567.7742,626.2740,567.7742,SUCCESS
218,27500,10,13,5,0.0000,13.7500,0.0000,SUCCESS
219,85000,139,8,3,266.6652,294.9983,266.6652,SUCCESS
220,107000,197,1,1,437.9978,491.4975,437.9978,SUCCESS
221,45000,28,3,2,0.0000,44.9997,0.0000,SUCCESS
222,81000,129,7,3,224.2493,264.7492,224.2493,SUCCESS
223,15000,5,14,5,0.0000,5.0000,0.0000,SUCCESS
224,59000,66,12,5,46.9997,105.9990,46.9997,SUCCESS
225,71000,94,1,1,137.4988,172.9988,137.4988,SUCCESS
226,111000,214,6,3,441.9978,552.9973,441.9978,SUCCESS
227,79000,121,3,2,166.9987,245.9980,166.9987,SUCCESS
228,105000,189,7,3,404.2485,456.7745,404.2485,SUCCESS
229,89000,149,11,4,299.9983,329.6648,299.9983,SUCCESS
230,525000,281,13,5,760.2473,1022.7473,760.2473,SUCCESS
231,67000,92,11,4,145.3322,167.6653,145.3322,SUCCESS
232,121000,240,14,5,618.9980,659.3312,618.9980,SUCCESS
233,121000,241,1,1,605.4970,665.9967,605.4970,SUCCESS
234,75000,110,11,4,191.9987,216.9987,191.9987,SUCCESS
235,105000,190,8,3,422.3312,457.3312,422.3312,SUCCESS
236,129000,262,4,2,688.7738,753.2738,688.7738,SUCCESS
237,123000,243,3,2,550.9973,673.9967,550.9973,SUCCESS
238,47000,36,1,1,27.4998,50.9997,27.4998,SUCCESS
239,525000,282,5,2,886.4973,1061.4973,886.4973,SUCCESS
240,65000,85,13,5,118.7493,151.2493,118.7493,SUCCESS
241,127000,257,5,2,686.6640,728.9973,686.6640,SUCCESS
242,55000,60,3,2,44.9997,99.9988,44.9997,SUCCESS
243,135000,269,11,4,739.3310,784.3310,739.3310,SUCCESS
244,109000,206,2,1,483.4985,519.8318,483.4985,SUCCESS
245,89000,150,14,5,303.9983,333.6648,303.9983,SUCCESS
246,125000,252,9,4,568.9967,693.9963,568.9967,SUCCESS
247,113000,220,10,4,512.2738,568.7737,512.2738,SUCCESS
248,119000,237,5,2,605.3310,644.9975,605.3310,SUCCESS
249,125000,253,11,4,654.6645,696.3310,654.6645,SUCCESS
250,87000,144,10,4,264.7492,308.2488,264.7492,SUCCESS
251,73000,101,13,5,151.2493,187.7493,151.2493,SUCCESS
252,95000,166,2,1,347.4987,379.1652,347.4987,SUCCESS
253,75000,111,14,5,194.6653,219.6653,194.6653,SUCCESS
254,117000,233,7,3,567.7742,626.2740,567.7742,SUCCESS
255,109000,207,5,2,492.3312,528.6645,492.3312,SUCCESS
256,27500,11,2,1,5.0000,14.1667,5.0000,SUCCESS
257,75000,112,4,2,186.7493,224.2493,186.7493,SUCCESS
258,115000,225,14,5,541.6648,579.9980,541.6648,SUCCESS
259,93000,158,4,2,308.2488,354.7487,308.2488,SUCCESS
260,95000,167,1,1,338.9983,386.4982,338.9983,SUCCESS
261,107000,198,5,2,456.6645,492.3312,456.6645,SUCCESS
262,73000,102,5,2,163.9987,188.3320,163.9987,SUCCESS
263,49000,41,13,5,36.2497,60.7495,36.2497,SUCCESS
264,99000,174,10,4,355.7747,405.2745,355.7747,SUCCESS
265,81000,130,10,4,224.2493,264.7492,224.2493,SUCCESS
266,123000,244,6,3,552.9973,675.9967,552.9973,SUCCESS
267,15000,6,1,1,0.0000,7.5000,0.0000,SUCCESS
268,99000,175,13,5,357.7488,407.2485,357.7488,SUCCESS
269,93000,159,7,3,308.2488,354.7487,308.2488,SUCCESS
270,51000,48,5,2,64.3328,81.3327,64.3328,SUCCESS
271,105000,191,10,4,405.2745,457.7742,405.2745,SUCCESS
272,127000,258,1,1,665.9967,729.4963,665.9967,SUCCESS
273,73000,103,8,3,163.9987,188.3320,163.9987,SUCCESS
274,75000,113,7,3,186.7493,224.2493,186.7493,SUCCESS
275,109000,208,8,3,492.9978,529.3312,492.9978,SUCCESS
276,75000,114,10,4,186.7493,224.2493,186.7493,SUCCESS
277,75000,115,13,5,187.7493,225.2493,187.7493,SUCCESS
278,129000,263,7,3,688.7738,753.2738,688.7738,SUCCESS
279,89000,151,0,1,245.9980,334.9978,245.9980,SUCCESS
280,117000,234,10,4,568.7737,627.2735,568.7737,SUCCESS
281,107000,199,8,3,457.3312,492.9978,457.3312,SUCCESS
282,111000,215,2,1,519.8318,556.8317,519.8318,SUCCESS
283,75000,116,2,1,207.1657,232.1657,207.1657,SUCCESS
284,55000,61,6,3,44.9997,99.9988,44.9997,SUCCESS
285,73000,104,11,4,167.6653,191.9987,167.6653,SUCCESS
286,51000,49,8,3,64.3328,81.3327,64.3328,SUCCESS
287,900000,300,9,4,693.9963,1593.9955,693.9963,SUCCESS
288,61000,71,13,5,88.2495,118.7493,88.2495,SUCCESS
289,81000,131,13,5,225.2493,265.7492,225.2493,SUCCESS
290,51000,50,11,4,65.9995,82.9993,65.9995,SUCCESS
291,117000,235,13,5,571.7477,630.2475,571.7477,SUCCESS
292,135000,270,14,5,744.6643,789.6643,744.6643,SUCCESS
293,71000,95,9,4,105.9990,176.9988,105.9990,SUCCESS
294,105000,192,12,5,352.9987,457.9982,352.9987,SUCCESS
295,45000,29,6,3,0.0000,44.9997,0.0000,SUCCESS
296,79000,122,6,3,166.9987,245.9980,166.9987,SUCCESS
297,81000,132,5,2,238.9987,265.9985,238.9987,SUCCESS
298,113000,221,9,4,455.9968,568.9967,455.9968,SUCCESS
299,105000,193,13,5,407.2485,459.7482,407.2485,SUCCESS
