vm_id,tipe,MIPS,host_id,jumlah_task,busy_time,utilisasi_vm
0,Small,1000,1,9,1571.9965,98.6199
1,Medium,2000,1,20,1160.7463,72.8199
2,Large,3000,1,32,1526.9975,95.7969
3,Small,1000,2,9,1573.9965,98.7454
4,Medium,2000,2,20,1278.2737,80.1931
5,Large,3000,2,31,1298.9973,81.4932
6,Small,1000,3,9,1575.9965,98.8708
7,Medium,2000,3,20,1372.0235,86.0745
8,Large,3000,3,31,1363.4973,85.5396
9,Small,1000,4,9,1593.9955,100.0000
10,Medium,2000,4,20,1469.7732,92.2069
11,Large,3000,4,31,1371.8310,86.0624
12,Small,1000,5,8,699.9970,43.9146
13,Medium,2000,5,20,1472.7472,92.3934
14,Large,3000,5,31,1439.6642,90.3180
